"id","submitdate","lastpage","startlanguage","seed","startdate","datestamp","Einleitung","Probandencode[Vorname]","Probandencode[Strasse]","Probandencode[Tag]","AutoFahrt","Fahrtblock","DatumFahrt","DauerFahrt","L2AnteilFahrt","KmVorFahrt","DefGesamtsystem1","Vertrauen[TiA1]","Vertrauen[TiA2]","Vertrauen[TiA3]","Vertrauen[TiA4]","Vertrauen[TiA5]","Vertrauen[TiA6]","Vertrauen[TiA7]","Vertrauen[TiA8]","Vertrauen[TiA9]","Vertrauen[TiA10]","Vertrauen[TiA11]","Vertrauen[TiA12]","Vertrauen[TiA13]","Vertrauen[TiA14]","Vertrauen[TiA15]","Vertrauen[TiA16]","Vertrauen[TiA17]","Vertrauen[TiA18]","Vertrauen[TiA19]","DefGesamtsystem2","Akzeptanz[PE1]","Akzeptanz[PE3]","Akzeptanz[PE4]","Akzeptanz[EE1]","Akzeptanz[EE2]","Akzeptanz[EE3]","Akzeptanz[EE4]","Akzeptanz[ATT1]","Akzeptanz[ATT2]","Akzeptanz[ATT3]","Akzeptanz[ATT4]","Akzeptanz[FC1]","Akzeptanz[FC2]","Akzeptanz[FC3]","Akzeptanz[ITU1]","Akzeptanz[ITU2]","Akzeptanz[ITU3]","Akzeptanz[PS1]","Akzeptanz[PS2]","Akzeptanz[PS3]","Akzeptanz[PS4]","Akzeptanz[PS5]","Akzeptanz[PS6]","DefGesamtsystem3","Systemverstaendnis[1]","Systemverstaendnis[2]","Systemverstaendnis[3]","Systemverstaendnis[4]","Systemverstaendnis[5]","Systemverstaendnis[6]","Systemverstaendnis[7]","Systemverstaendnis[8]","Systemverstaendnis[9]","Systemverstaendnis[10]","Systemverstaendnis[11]","Systemverstaendnis[12]","Systemverstaendnis[13]","Systemverstaendnis[14]","Systemverstaendnis[15]","Systemverstaendnis[16]","DefGesamtsystem4","NDRTs[NDRT1]","NDRTs[NDRT2]","NDRTs[NDRT3]","NDRTs[NDRT4]","NDRTs[NDRT5]","NDRTs[NDRT6]","NDRTs[NDRT7]","NDRTs[NDRT8]","MatrixNDRTsFreitext[0_SQ001]","MatrixNDRTsFreitext[1_SQ001]","MatrixNDRTsFreitext[2_SQ001]","MatrixNDRTsFreitext[3_SQ001]","MatrixNDRTsFreitext[4_SQ001]","MatrixNDRTsFreitext[5_SQ001]","DefGesamtsystem5","SubjUeberwachguete[1]","SubjEinflussSetting","SubjEinflussSettKomm","Kommentare","SonstKommentare","interviewtime","groupTime6715","EinleitungTime","ProbandencodeTime","AutoFahrtTime","FahrtblockTime","DatumFahrtTime","DauerFahrtTime","L2AnteilFahrtTime","KmVorFahrtTime","groupTime6886","DefGesamtsystem1Time","VertrauenTime","groupTime6887","DefGesamtsystem2Time","AkzeptanzTime","groupTime6888","DefGesamtsystem3Time","SystemverstaendnisTime","groupTime6889","DefGesamtsystem4Time","NDRTsTime","MatrixNDRTsFreitextTime","groupTime6890","DefGesamtsystem5Time","SubjUeberwachgueteTime","SubjEinflussSettingTime","SubjEinflussSettKommTime","KommentareTime","SonstKommentareTime"
"13","2022-02-23 17:47:16","6","de","128515239","2022-02-23 17:23:15","2022-02-23 17:47:16","","Ka","Rh","09","1","1","2022-02-23 00:00:00","65","60","10","","4","4","4","4","3","4","2","4","4","1","4","4","4","4","1","4","4","4","4","","7","7","7","7","4","4","7","7","7","7","7","7","7","7","7","7","7","1","1","1","7","7","4","","1","1","1","1","0","1","1","1","0","0","1","1","1","1","0","1","","0","0","4","3","3","0","3","1","","","","","","","","6","1","","Das System hat die durch die Schilder vorgegebene Höchstgeschwindigkeit nach einem Bremsvorgang durch die Fusstaste nicht wieder aufgenommen. Ich musste sie Händisch wieder einstellen.","","1442.95","160.73","","","","","","","","","277.7","","","316.37","","","283.48","","","150.47","","","","254.2","","","","","",""
"14","2022-02-24 15:45:57","6","de","2020254802","2022-02-24 15:27:42","2022-02-24 15:45:57","","Ka","Rh","09","1","2","2022-02-24 00:00:00","120","100","120","","4","4","4","4","4","3","1","4","4","0","3","4","4","4","0","0","4","4","4","","7","7","7","7","7","4","4","7","7","7","7","7","7","7","7","7","7","1","1","1","7","7","4","","1","1","0","0","0","1","1","1","0","0","0","1","1","1","0","0","","0","0","5","3","3","0","3","2","","","","","","","","6","1","","Die Geschwindigkeit wurde ohne Anzeige eines Verkehrszeichens auf 60 km/h reduziert, obwohl  die Richtgeschwindigkeit galt.","","1095.16","123.29","","","","","","","","","234.6","","","227.4","","","211.25","","","108.32","","","","190.3","","","","","",""
"22","2022-03-01 12:01:16","6","de","2060851033","2022-03-01 11:41:00","2022-03-01 12:01:16","","IA","SC","05","1","1","2022-03-01 00:00:00","45","45","40","","4","4","0","4","3","3","0","4","3","0","3","3","3","3","3","1","0","1","3","","7","4","7","4","7","7","4","7","7","7","7","4","4","4","7","7","7","1","4","1","7","7","7","","1","1","1","0","0","1","1","0","0","0","0","0","1","1","0","1","","0","0","3","3","1","0","1","0","","","","","","","","6","1","","Schwachstellen: nicht alle Geschw.-Schilder korrekt erkannt, 
Beschilderung der Abzweigespur, parallelen Fahrbahn benutzt, 
manchmal abgebremst, ohne für mich erkennbaren Grund.","Bemerke, dass sich Schlampigkeiten bei mir eingeschlichen haben. Blinke bei Spurwechsel nicht immer rechtzeitig, so dass das System bei Spurwechsel reagiert.","1216.15","164.52","","","","","","","","","206.22","","","216.31","","","88.57","","","94.33","","","","446.2","","","","","",""
"25","2022-03-02 15:21:42","6","de","1245197768","2022-03-02 15:10:25","2022-03-02 15:21:42","","IA","SC","05","1","2","2022-03-02 00:00:00","55","55","210","","4","4","0","4","3","4","0","4","4","0","4","1","3","3","3","0","0","3","3","","7","4","7","7","7","7","7","7","4","7","7","7","7","4","7","7","4","1","1","1","7","7","4","","1","1","1","0","0","1","1","0","0","0","0","0","1","1","0","1","","0","0","2","1","0","0","1","0","","","","","","","","6","1","","Am Ende von Wanderbaustellen wird die Geschwindigkeitsbeschränkung meist nicht durch Schilder aufgehoben. Keine Chance für das System. ","","678.34","188.49","","","","","","","","","130.52","","","117.87","","","72.14","","","55.85","","","","113.47","","","","","",""
"34","2022-03-07 20:18:18","6","de","1084921785","2022-03-07 20:02:03","2022-03-07 20:18:18","","RA","MÜ","01","1","1","2022-03-07 00:00:00","90","90","3","","3","4","4","4","1","4","1","4","4","2","3","3","2","3","2","1","4","3","3","","7","7","7","7","7","7","7","7","7","7","7","7","7","4","7","7","7","1","4","4","1","7","7","","2","1","0","0","0","1","1","0","0","0","0","1","1","1","2","2","","3","3","4","2","3","1","3","3","","","","","","","","6","0","Nicht ständig was verändert an dem L2, sondern stetiger durchgefahren ","","","977.38","520.63","","","","","","","","","99.32","","","135.58","","","92.19","","","62.83","","","","66.83","","","","","",""
"36","2022-03-08 18:12:12","6","de","871551095","2022-03-08 17:57:07","2022-03-08 18:12:12","","RA","MÜ","01","1","2","2022-03-08 00:00:00","50","45","190","","4","3","3","3","2","3","2","4","4","2","3","3","3","3","2","1","3","3","3","","7","7","7","7","7","7","7","7","7","7","7","7","7","7","7","7","4","1","4","4","7","4","1","","1","1","1","1","0","1","1","0","0","0","2","1","1","1","2","1","","4","3","4","3","3","0","3","3","","","","","","","","6","0","Weniger mit dem System herum „gespielt“","","","906.43","570.05","","","","","","","","","90.72","","","71.31","","","94.32","","","52.35","","","","27.68","","","","","",""
"40","2022-03-14 13:18:40","6","de","44783901","2022-03-14 13:04:21","2022-03-14 13:18:40","","IN","LU","07","1","1","2022-03-14 00:00:00","60","55","88","","4","4","0","3","4","4","1","4","3","1","4","3","1","4","3","0","0","3","3","","7","4","7","7","7","7","7","7","1","7","7","7","7","7","4","4","4","1","1","1","7","7","7","","1","0","0","0","0","1","1","0","0","0","2","2","1","1","2","1","","0","2","3","4","4","0","5","3","","","","","","","","1","1","","","","861.76","319.8","","","","","","","","","158.7","","","144.58","","","113.91","","","89.23","","","","35.54","","","","","",""
"41","2022-03-14 21:59:35","6","de","1988732027","2022-03-14 18:28:51","2022-03-14 21:59:35","","te","Mi","08","3","1","2022-03-14 00:00:00","55","50","40","","3","4","3","4","3","3","1","4","3","2","3","3","1","3","4","3","3","3","3","","6","5","5","5","6","6","7","7","2","3","4","5","7","1","6","6","6","2","3","3","5","6","5","","1","1","1","0","0","1","1","0","0","0","0","0","1","1","0","1","","2","1","5","4","4","1","4","1","","","","","","","","6","1","","Die Steuerung des Systems ist sehr aggressiv, d.h. Das Fahrzeug beschleunigt extrem stark, wenn sich die Situation ändert. Empfinde ich persönlich störend. 

Bei Fahrten auf der rechten Spur finde ich es unangenehm, wenn ein Fahrzeug auf der Mittel bzw. Linken Spur langsamer fährt als man selbst. Da man das System selbst deaktivieren muss, um den anderen Verkehrsteilnehmer nicht rechts zu überholen.","gute Einarbeitung in das Fahrzeug, die Bedienung, den benötigten Ablauf der Studie ","1578.61","164.63","","","","","","","","","517.1","","","467.8","","","99.45","","","80.77","","","","248.86","","","","","",""
"42","2022-03-17 16:16:51","6","de","819510054","2022-03-17 16:05:41","2022-03-17 16:16:51","","IN","LU","07","1","2","2022-03-17 00:00:00","50","45","180","","2","3","0","2","4","3","2","3","3","1","3","3","0","3","4","1","0","3","3","","4","4","7","7","7","7","7","4","1","4","4","7","7","7","1","1","1","4","7","1","7","7","7","","1","1","1","0","0","1","1","0","0","0","2","2","1","1","0","1","","0","0","0","3","3","0","4","0","","","","","","","","3","1","","","","673.08","109.61","","","","","","","","","183.69","","","148.39","","","132.52","","","56.37","","","","42.5","","","","","",""
"46","2022-03-18 16:39:21","6","de","1771508812","2022-03-18 16:29:34","2022-03-18 16:39:21","","TE","MI","08","3","2","2022-03-18 00:00:00","45","45","300","","3","4","3","4","3","4","0","4","3","1","4","3","1","4","4","0","3","3","3","","6","5","7","7","7","7","7","7","2","5","5","6","7","1","7","7","7","1","2","3","6","7","7","","1","1","1","0","0","1","1","0","0","0","0","1","1","1","0","1","","2","0","5","5","4","0","5","1","","","","","","","","5","1","","Sehr angenehm im Stadverkehr bei Start&Stop Verkehrslage auf dem mittleren Ring","","587.9","90.77","","","","","","","","","109.1","","","139.82","","","117.94","","","73.33","","","","56.94","","","","","",""
"47","2022-03-21 14:07:56","6","de","1354925053","2022-03-21 13:27:41","2022-03-21 14:07:56","","TH","BO","11","1","1","2022-03-21 00:00:00","45","45","40","","4","3","2","4","3","3","1","4","4","1","4","3","3","3","3","0","1","2","3","","7","4","7","7","7","7","7","7","4","4","7","7","7","4","7","7","7","1","5","3","5","6","6","","1","1","1","0","0","1","1","0","0","0","0","0","1","1","0","1","","0","0","1","1","3","0","2","0","","","","","","","","6","1","","Das System war generell sehr zuverlässig. Einmal behauptete es Höchstgeschwindigkeit 60, was falsch war -> Eingriff. Abstand und Tempomat sehr zuverlässig. Für ein blindes Vertrauen braucht es sicher noch ein paar 100 km.","","2412.57","236.73","","","","","","","","","997.15","","","599.76","","","158.84","","","166.79","","","","253.3","","","","","",""
"48","2022-03-21 17:12:10","6","de","488999255","2022-03-21 16:49:25","2022-03-21 17:12:10","","SE","LÜ","07","2","1","2022-03-21 00:00:00","70","55","35","","4","3","0","4","3","3","0","4","3","1","3","3","3","3","3","3","0","2","3","","5","6","6","5","6","6","5","6","5","5","4","6","5","4","6","5","6","2","4","3","6","6","1","","1","1","1","0","0","1","1","0","0","0","0","2","1","1","0","1","","0","0","2","0","0","0","1","0","","","","","","","","5","1","","Aktion des Systems in einer langen Baustelle war zumindest anfänglich unsicher.
Ich hatte den Eindruck, das Systems neigte hin und wieder zu einer Fahrt eher an den linken Rand zu fahren","Das Hineinfinden in die Systematik fiel relativ leicht, die Bedienung während des Fahrens wird sich wohl noch verbessern.","1365.67","450.56","","","","","","","","","205.47","","","238.21","","","144.33","","","118.85","","","","208.25","","","","","",""
"49","2022-03-22 10:28:00","6","de","973431458","2022-03-22 10:13:48","2022-03-22 10:27:59","","KA","CO","05","0","1","2022-03-21 00:00:00","60","60","50","","3","4","0","2","2","3","1","2","2","2","3","3","3","2","3","2","0","3","3","","6","5","6","6","5","7","7","6","6","5","5","6","6","6","6","6","6","2","4","3","6","5","5","","1","1","1","0","0","1","1","0","0","0","0","1","1","1","0","1","","3","3","5","2","3","3","5","3","","","","","","","","5","1","","Beim L2 System vom BMW iX werden manchmal kurzfristig von vorne einscherende Autos nicht erkannt -> Eingreifen des Fahrers erforderlich.
Weiterhin wird manchmal beim angegebenen Spurwechsel zum Überholen des vorausfahrenden Fahrzeugs nicht auf die Geschwindigkeitsbegrenzung beschleunigt. Dies ist auffällig, wenn bei einer 3 spurigen Autobahn von ganz rechts auf die mittlere Spur gewechselt wird und zudem auf der linken Spur ein Fahrzeug nebenherfährt.","","851.69","102.65","","","","","","","","","92.97","","","162.97","","","122.87","","","66.22","","","","304.01","","","","","",""
"50","2022-03-22 20:29:07","6","de","1114478501","2022-03-22 20:10:08","2022-03-22 20:29:07","","SE","RH","09","3","1","2022-03-22 00:00:00","100","100","50","","3","4","0","4","0","3","0","5","3","1","3","3","3","3","1","0","0","2","3","","4","2","3","5","5","7","6","4","1","3","2","2","7","4","2","2","2","1","3","5","5","4","3","","1","1","1","0","0","1","1","0","0","0","0","1","1","1","0","1","","0","1","3","3","3","0","2","0","","","","","","","","5","1","","- Das System stößt in Autobahnbaustellen an seine Grenzen
- Das System kann die Aufteilung von einer in 2 Fahrspuren nicht problemlos meistern
- Das System hat einmal ein an einer Ampel stehendes Fahrzeug sehr spät erkannt - Autobahnabfahrt, auslaufend, ggf. aufgrund von < 60 km/h? (habe manuell eingegriffen)
- Das System wirkt ""unrund"" im Hinblick auf Bodenwellen bzw. Fahrbahnunebenheiten bei Autobahnkurven","","1138.76","139.88","","","","","","","","","116.4","","","295.21","","","249.12","","","160.85","","","","177.3","","","","","",""
"51","2022-03-23 14:07:24","6","de","914240400","2022-03-23 13:05:21","2022-03-23 14:07:24","","SE","LÜ","07","2","2","2022-03-23 00:00:00","75","70","240","","4","4","0","4","4","4","1","4","4","1","4","4","3","4","3","1","0","4","4","","7","6","5","5","6","7","6","7","6","6","6","7","6","4","7","6","7","1","4","6","7","6","1","","1","0","1","0","0","1","1","0","0","0","2","0","1","1","0","1","","0","0","1","0","0","0","1","0","","","","","","","","5","1","","Mit mehr Erfahrung traue ich dem System mehr zu, verstehe es besser.
Interessant wäre es zu erfahren und erleben, wie das System funktioniert, wenn ich mit Navigation ein Ziel ansteuere.","","3723.54","385.01","","","","","","","","","2832.77","","","165.69","","","141.13","","","80","","","","118.94","","","","","",""
"53","2022-03-24 22:53:31","6","de","983612180","2022-03-24 22:41:29","2022-03-24 22:53:31","","SE","RH","09","3","2","2022-03-24 00:00:00","70","70","250","","3","4","1","3","0","3","1","3","3","1","4","2","3","3","3","1","1","2","3","","5","2","4","6","6","7","7","4","2","3","4","5","6","4","3","2","2","1","2","5","5","4","3","","1","1","1","0","0","1","1","0","0","0","0","1","1","1","0","1","","1","1","3","2","1","0","3","0","","","","","","","","2","1","","- Bei Straßenunebenheiten kann das System in Einzelfällen überfordert sein
- Einmal hat das System ein vorausfahrendes Auto erst sehr spät erkannt
- In mehreren Fällen schien das System bei Kurvenausgängen ein bisschen zu überlappen, so dass es einen leichten Schlenker nach Kurven macht
- Zum Teil erachte ich die Beschleunigung als ruckartig
- Größtenteils angenehme Verzögerung bzgl. einem langsamere vorausfahrenden Auto","- Meiner Meinung nach ist die Ablenkung mit Beifahrer bei Nutzung des Systems bedeutend höher, da man sich scheinbar nicht mehr so stark auf den Verkehr konzentrieren muss.
","722.42","85.05","","","","","","","","","109.32","","","149.68","","","132.96","","","69.7","","","","175.71","","","","","",""
"56","2022-03-25 10:33:47","6","de","991848271","2022-03-25 09:53:30","2022-03-25 10:33:47","","TH","BO","15","1","2","2022-03-25 00:00:00","45","45","250","","4","4","0","4","3","4","1","3","4","0","4","3","4","4","1","0","0","2","4","","7","4","6","6","7","7","7","7","4","5","6","6","7","4","7","7","7","2","5","3","6","7","7","","1","1","1","0","0","1","1","0","0","0","0","1","1","1","0","1","","0","0","1","2","2","0","2","0","","","","","","","","6","1","","Der Übergang in die Nicht-System-Phase (z.B. Abfahren von der Autobahn, Bremsen) ist etwas kritisch, ich erwarte automatisch, dass der Abstandsassistent weiterhin die geschwindigkeit regelt, was er natürlich nicht tut.","","810.74","131.29","","","","","","","","","166.87","","","150.28","","","123.47","","","107.49","","","","131.34","","","","","",""
"59","2022-03-27 11:45:12","6","de","196252193","2022-03-27 11:33:20","2022-03-27 11:45:12","","KA","CO","05","0","2","2022-03-27 00:00:00","50","45","320","","4","4","0","3","3","3","1","3","3","2","3","3","3","3","3","1","0","3","3","","6","4","5","4","6","6","6","6","4","6","6","6","6","3","4","4","4","3","4","4","5","4","5","","1","1","1","0","0","1","1","0","0","0","0","1","1","1","0","1","","3","3","4","4","4","2","4","4","","","","","","","","5","1","","","","714.18","123.28","","","","","","","","","150","","","198.09","","","114.65","","","104.41","","","","23.75","","","","","",""
"60","2022-03-28 19:59:15","6","de","7180542","2022-03-28 19:45:40","2022-03-28 19:59:15","","SE","RH","09","3","1","2022-03-28 00:00:00","180","100","35","","3","4","0","3","2","3","1","4","3","1","3","2","5","3","3","1","0","2","3","","6","2","4","5","5","5","6","5","3","4","4","5","6","4","4","4","3","2","5","4","5","5","5","","1","1","1","0","0","1","1","0","0","0","0","1","1","1","0","1","","1","1","3","3","2","1","3","1","","","","","","","","6","1","","","","816.43","370.28","","","","","","","","","152.27","","","115.31","","","83.79","","","57.28","","","","37.5","","","","","",""
"61","2022-03-28 21:02:29","6","de","575535569","2022-03-28 20:49:51","2022-03-28 21:02:29","","TA","MÜ","06","0","1","2022-03-28 00:00:00","65","65","40","","3","1","2","4","1","2","1","4","3","0","2","4","1","3","2","1","1","3","2","","7","4","6","6","7","7","7","7","4","6","6","6","7","7","7","7","7","1","6","1","6","4","5","","2","1","1","0","0","1","1","0","0","0","2","1","1","1","0","2","","2","0","5","4","0","1","5","2","","","","","","","","6","0","Hätte z.b. nach Nachrichten geschaut und in Spotify eine andere Playlist ausgewählt","","","761.63","110.37","","","","","","","","","193.62","","","146.84","","","108.49","","","122.37","","","","79.94","","","","","",""
"62","2022-03-29 13:43:17","6","de","1044971968","2022-03-29 13:27:57","2022-03-29 13:43:16","","na","la","01","2","1","2022-03-29 00:00:00","55","50","95","","3","4","4","3","4","3","1","4","3","0","2","2","2","3","2","1","2","3","3","","4","1","4","4","7","7","6","4","1","1","4","3","4","4","3","4","4","1","7","1","4","4","1","","1","1","1","0","0","1","1","0","0","0","2","0","1","1","0","2","","0","0","4","3","3","0","4","3","","","","","","","","6","0","Es war eine gewisse Anspannung da, das System fährt meiner Meinung nach nicht vorausschauend, das heißt es fährt mit der eingestellten Geschwindigkeit und Abstand auf das vordere Fahrzeug auf und bremst dann abrupt ab, das kostet Nerven","Hatte am Anfang Probleme, das System zu aktivieren, lag aber an mir. Nach Telefonat mit ihnen kam ich zurecht","","921.22","113.66","","","","","","","","","158.37","","","172.7","","","116.94","","","81.58","","","","277.97","","","","","",""
"64","2022-03-31 14:37:55","6","de","1395967320","2022-03-31 14:19:05","2022-03-31 14:37:55","","na","la","01","2","2","2022-03-31 00:00:00","59","55","99","","4","4","3","4","3","3","1","4","3","1","4","2","3","3","2","1","3","2","3","","7","4","5","5","7","7","7","5","2","2","5","5","6","4","4","2","2","1","1","1","4","5","1","","1","1","1","0","0","1","1","0","0","0","2","1","1","1","0","1","","0","0","3","3","3","0","3","3","","","","","","","","6","1","","liest Geschwindigkeitsbegrenzungen neben der Autobahn und bremst dann ab, finde ich gefährlich. in Eching, wo die Stuttgarter Autobahn abzweigt liest er Richtung München 80 und bremst ab, darf nicht sein","","1130.03","399.99","","","","","","","","","153.49","","","206.43","","","114.22","","","87.84","","","","168.06","","","","","",""
"65","2022-04-01 03:14:43","6","de","198961942","2022-04-01 03:03:38","2022-04-01 03:14:43","","JU","MÜ","06","0","2","2022-03-31 00:00:00","65","65","220","","2","3","2","4","0","3","1","4","3","0","3","4","1","2","3","1","1","3","3","","6","2","6","7","7","7","7","6","4","4","4","6","7","7","6","6","7","1","7","5","7","4","4","","2","1","1","0","0","1","1","0","0","0","0","1","1","1","0","2","","3","0","5","4","1","1","5","1","","","","","","","","6","0","Z.b. playlist in Spotify am Handy gewechselt","","","663.04","103.91","","","","","","","","","170.82","","","146.26","","","111.61","","","66.18","","","","64.26","","","","","",""
"67","2022-04-01 10:05:48","6","de","1499725018","2022-04-01 09:57:54","2022-04-01 10:05:48","","SE","RH","09","3","2","2022-04-01 00:00:00","300","100","5","","3","4","1","4","3","3","1","4","3","1","3","2","3","3","3","1","0","2","3","","5","4","4","7","7","7","7","5","4","4","4","6","7","7","4","4","4","1","4","2","6","5","7","","1","1","1","0","0","1","1","0","0","0","0","1","1","1","0","1","","0","0","1","2","0","0","0","0","","","","","","","","6","1","","Datenaufzeichnung nach Tanken erst nicht aktiv","Sehr interessante Studie, vielen Dank für die Teilnahmemöglichkeit.","473.64","82","","","","","","","","","82.78","","","128.88","","","82.76","","","41.61","","","","55.61","","","","","",""
"68","2022-04-04 16:39:38","6","de","481142356","2022-04-04 16:11:02","2022-04-04 16:39:38","","IA","MU","01","0","1","2022-04-04 00:00:00","50","48","30","","4","4","0","2","1","4","0","2","4","1","4","3","3","3","1","0","0","3","3","","7","6","6","7","7","7","7","7","6","7","7","7","7","7","7","7","7","1","1","1","7","6","7","","1","1","1","0","0","1","1","0","0","0","2","1","1","1","0","1","","0","0","3","2","1","0","2","1","","","","","","","","6","1","","Bei Fahrbahntrennstreifen funktioniert das System im Spurwechsel nicht zuverlässig, obwohl die weiße Linie klar sichtbar war
Der automatische Spurwechsel ist gewöhnungsbedüftig, da bei Erreichen der Abstandsgrenze zum Vorfahrzeug trotz bereits gesetztem Blinker das Fahrzeug beim Spurwechsel die Geschwindigkeit reduziert, das ist in der Realität unsicher
Das Fahrzeug hat einmal auf einer 4 spurigen Autobahn versucht, ganz rechts zu überholen (Spur1), während auf der dritten Spur ein langsameres Fahrzeug fuhr.","","1717.17","171.57","","","","","","","","","399.96","","","292.31","","","291.3","","","164.77","","","","397.26","","","","","",""
"75","2022-04-04 18:22:53","6","de","107354419","2022-04-04 18:01:02","2022-04-04 18:22:53","","Li","RH","04","3","1","2022-04-04 00:00:00","220","100","50","","3","4","1","4","4","3","3","4","3","1","4","3","2","3","3","1","1","3","3","","7","4","4","7","7","7","7","4","1","4","4","1","7","7","7","7","7","4","7","4","4","4","1","","1","1","1","0","0","1","1","0","0","0","1","1","1","1","0","1","","1","0","2","3","0","0","0","0","","","","","","","","6","1","","Es war eine interessante Fahrt mit einigen korrigierenden Eingriffen. Hat Spaß gemacht. :-)","Gute Organisation!","1312.12","324.69","","","","","","","","","201.17","","","277.4","","","214.12","","","153.53","","","","141.21","","","","","",""
"76","2022-04-05 19:16:31","6","de","1899628764","2022-04-05 18:58:11","2022-04-05 19:16:31","","Li","Rh","04","3","2","2022-04-05 00:00:00","240","100","30","","3","4","1","4","4","3","3","4","3","1","3","3","3","3","3","1","3","3","3","","4","1","4","7","7","7","7","4","4","7","7","1","7","7","7","7","7","4","7","7","4","1","1","","1","1","1","0","0","1","1","0","0","0","0","1","1","1","0","1","","0","0","2","3","0","0","0","0","","","","","","","","5","1","","Die Kameras können schlecht Doppelmarkierungen (gelb / weiß) erkennen, wenn diese dicht nebeneinander auf der Fahrbahn aufgebracht sind. Schwache gelbe Markierungen werden teilweise nicht erkannt.","","1101.6","277.73","","","","","","","","","157.4","","","224.66","","","143.12","","","113.81","","","","184.88","","","","","",""
"77","2022-04-05 22:36:52","6","de","1910896325","2022-04-05 22:24:19","2022-04-05 22:36:52","","TA","BU","09","1","1","2022-04-05 00:00:00","120","100","2","","3","4","1","5","1","3","0","5","3","0","3","2","1","3","4","1","1","2","3","","6","2","4","5","7","7","7","7","2","6","6","4","6","4","7","7","7","2","2","2","5","6","6","","1","1","1","0","0","1","1","0","0","0","0","1","1","1","0","1","","0","0","4","4","1","0","4","1","","","","","","","","2","1","","","","754.76","155.83","","","","","","","","","153.78","","","193.77","","","155.85","","","71","","","","24.53","","","","","",""
"78","2022-04-07 12:24:11","6","de","888016540","2022-04-07 12:03:46","2022-04-07 12:24:11","","IA","MÜ","01","0","2","2022-04-07 00:00:00","60","60","315","","4","4","0","2","1","4","0","2","4","0","4","0","3","3","1","0","0","4","4","","7","5","7","7","7","7","7","7","6","6","6","7","7","7","7","7","6","1","1","1","7","6","7","","1","1","1","0","0","1","1","0","0","0","1","1","1","1","0","1","","0","0","3","2","1","0","3","1","","","","","","","","6","1","","Störend ist das Abbremsen bei einem Fahrspurwechsel, wenn das vordere Fahrzeug nahe kommt aber immer noch nicht im kritischen Bereich liegt.  Dadurch wird die Lücke zum links mit Abstand fahrenden Hinterfahrzeug kleiner. Als Selbstfahrer würde ich bei genügend Abstand zum Hinterfahrzeug beschleunigen um die Spur zu wechseln und nicht abbremsen. In der Regel gewöhnt man sich daran, rechtzeitig den Blinker zu setzen um dann die Fahrspur ohne Verzögerung zu welchseln. Bei regem Verkehr ist aber dann ein automatischer Fahrspurwechsel kaum noch möglich. Die Geschwindigkeitsbegrenzung wird zum Teil spät erkannt was dazu führt, dass man zu schnell in diesen Abschnitt einfährt.","","1225.73","247.24","","","","","","","","","176.16","","","177.51","","","122.01","","","97.51","","","","405.3","","","","","",""
"80","2022-04-07 18:03:25","6","de","720271358","2022-04-07 17:50:04","2022-04-07 18:03:25","","TA","BU","09","1","2","2022-04-07 00:00:00","80","75","250","","2","4","1","5","1","3","1","5","2","1","3","3","2","3","4","2","1","2","2","","5","3","4","6","7","7","7","6","4","5","5","4","7","4","6","6","6","2","4","3","5","5","6","","1","1","1","0","0","1","1","0","0","0","0","1","1","1","0","1","","0","0","3","2","1","0","4","1","","","","","","","","5","0","In manchen Situationen hätte ich nicht die Geschwindigkeitsbegrenzung am Lenkstockhebel angepasst sondern manuell übersteuert.","","","801.47","167.82","","","","","","","","","130.35","","","218.39","","","95.15","","","74.16","","","","115.6","","","","","",""
"83","2022-04-11 17:42:21","6","de","1488414028","2022-04-11 17:31:22","2022-04-11 17:42:21","","de","La","01","0","1","2022-04-11 00:00:00","50","45","45","","4","4","3","4","3","4","1","4","3","2","3","2","3","3","2","2","3","3","3","","6","4","5","7","6","6","6","6","6","6","6","5","6","4","6","6","7","3","5","4","5","4","6","","1","1","0","1","0","1","1","1","0","0","2","1","1","1","1","0","","1","2","4","4","3","0","4","2","","","","","","","","6","1","","","","659.41","111.86","","","","","","","","","175.1","","","180.31","","","98.15","","","58.66","","","","35.33","","","","","",""
"84","2022-04-11 20:11:52","6","de","883718015","2022-04-11 19:44:42","2022-04-11 20:11:51","","Ga","Mü","09","2","1","2022-04-11 00:00:00","50","50","1","","1","2","0","1","4","2","2","3","1","2","3","0","0","0","4","3","0","1","1","","3","1","2","3","3","3","4","1","2","1","1","1","4","4","2","1","1","6","7","5","1","1","1","","1","1","1","0","0","1","1","0","0","0","0","2","1","1","0","1","","4","3","5","4","4","0","4","3","","","","","","","","6","0","Eingabe des Fahrziels in das Navy ","Das System ist nicht ausgereift und macht das Auto bei dichtem Verkehr zu einem Verkehrshindernis bzw erzeugt gefährliche Situationen.","Es gibt noch viel zu verbessern.  ","1287.86","163.31","","","","","","","","","260","","","232.55","","","168.99","","","159.07","","","","303.94","","","","","",""
"85","2022-04-13 11:50:52","6","de","2004936867","2022-04-13 11:42:18","2022-04-13 11:50:52","","De","La","01","0","2","2022-04-13 00:00:00","60","50","250","","3","4","2","4","3","4","1","4","3","2","3","2","3","3","1","1","3","3","4","","7","6","4","6","7","6","6","6","5","6","6","6","6","4","7","7","7","2","4","4","5","4","6","","1","1","0","1","0","1","1","0","0","2","2","1","2","1","0","2","","1","2","4","4","3","0","3","2","","","","","","","","6","1","","","","515.85","60.57","","","","","","","","","89.62","","","126.39","","","134.27","","","72.45","","","","32.55","","","","","",""
"87","2022-04-14 12:31:50","6","de","988906777","2022-04-14 12:16:59","2022-04-14 12:31:50","","Ga","Mü","09","2","2","2022-04-14 00:00:00","50","44","250","","2","3","0","1","4","1","3","2","0","3","4","0","0","0","4","2","0","0","1","","2","1","1","2","4","4","4","3","1","1","1","2","4","4","5","4","2","6","7","5","1","1","1","","1","1","1","0","0","1","1","0","0","0","0","1","1","1","0","1","","1","0","4","2","2","0","4","2","","","","","","","","6","1","","Das abbremsen von 110 kmh auf 40 nahe der Ausfahrt Ludwigsfeld (A99) war krass, da ich die Mittelspur benutzte...","","892.68","198.11","","","","","","","","","180.35","","","163.52","","","119.84","","","62.92","","","","167.94","","","","","",""
"89","2022-04-19 11:58:26","6","de","1362240616","2022-04-19 11:29:56","2022-04-19 11:58:26","","DA","HA","09","2","1","2022-04-19 00:00:00","60","60","10","","3","4","3","3","2","3","0","3","4","1","4","3","3","3","2","0","5","2","3","","7","4","6","7","7","7","7","7","4","5","6","6","7","7","7","7","7","2","1","1","4","6","7","","1","1","2","0","0","1","1","0","0","0","1","1","1","1","0","1","","1","1","5","4","3","0","5","2","","","","","","","","4","1","","kurzes Telefonat während der Fahrt; zweimaliges Bremsen (System kurzzeitig in Standby gerutscht) durch einscherende LKW dann wieder Aufnahme des Systems;","","1709.7","165.26","","","","","","","","","247.1","","","466.11","","","225.8","","","118.22","","","","487.21","","","","","",""
"90","2022-04-19 13:58:09","6","de","1526219395","2022-04-19 13:36:40","2022-04-19 13:58:09","","KE","FR","05","3","1","2022-04-19 00:00:00","65","50","1","","3","4","1","4","1","3","0","4","3","1","4","2","4","3","1","1","1","3","3","","6","5","5","5","7","6","6","5","3","5","6","7","6","6","6","6","6","1","5","6","6","6","6","","1","1","2","0","0","2","1","2","0","0","2","2","1","1","2","2","","1","0","0","4","3","0","2","1","","","","","Dem Kind auf der Rückbank etwas reichen","","","5","1","","das System fährt weniger vorausschauend als ich es tun würde. ","","1290.8","195.56","","","","","","","","","360.66","","","266.13","","","166.63","","","178.24","","","","123.58","","","","","",""
"92","2022-04-21 09:28:06","6","de","696381118","2022-04-21 09:17:15","2022-04-21 09:28:06","","DA","HA","09","2","2","2022-04-21 00:00:00","50","45","365","","4","4","3","4","2","3","1","4","4","1","4","4","3","4","2","1","3","2","4","","7","4","4","7","7","7","7","6","4","4","6","5","7","7","7","7","7","2","4","4","7","7","7","","1","1","0","0","0","1","1","0","0","0","1","1","1","1","0","1","","2","1","5","5","3","2","5","3","","","","","","","","3","1","","","Geführtes abbremsen und somit beenden des Systems ausschließlich bei einscherenden LKW, Beschleunigung und Abbremsen (mir persönlich) manchmal etwas spät","652.51","68.02","","","","","","","","","149.01","","","191.35","","","99.23","","","49.49","","","","95.41","","","","","",""
"93","2022-04-21 16:37:48","6","de","1641840650","2022-04-21 16:19:33","2022-04-21 16:37:48","","KE","FR","05","3","2","2022-04-21 00:00:00","70","60","230","","3","3","1","4","1","3","1","4","3","2","3","3","2","3","3","0","1","2","3","","6","5","5","5","6","7","7","6","3","4","5","6","6","6","6","6","5","1","3","3","5","5","6","","1","1","0","0","0","1","1","2","0","0","2","0","1","1","2","2","","1","1","4","3","3","0","4","3","","","","","","","","4","1","","Das System hat mehrmals die Geschwindigkeit der Parallelspur erfasst. Diese Geschwindigkeit war deutlich anders als die auf meiner Spur. Erst bei der nächsten Schilderbrücke oder nach Aus/Ein schalten erkannte das Sytem wieder die richtige Geschwindigkeit","mich würde interessieren, wie sich der Spurhalteassistent im Falle einer Rettungsgasse verhält. ","1097.56","247.12","","","","","","","","","133.64","","","189.5","","","134.03","","","130.46","","","","262.81","","","","","",""
"94","2022-04-26 21:58:13","6","de","1583827790","2022-04-26 21:34:10","2022-04-26 21:58:13","","Ne","Mü","04","1","1","2022-04-26 00:00:00","60","60","55","","3","3","2","3","4","3","1","3","3","1","3","2","2","3","4","1","0","5","2","","7","6","4","7","7","7","7","5","3","4","5","4","7","7","7","7","7","7","6","4","4","5","3","","1","1","1","0","0","1","1","2","0","0","0","1","1","1","0","1","","1","1","5","4","3","0","3","2","","","","","","","","5","0","Hätte wegen dem Kind öfter Pause gemacht.

","Dss System reagiert suf eingestellte navi Ziele und bremst bei erreichen der Abfahrt stark ab. Damit hab ich nicht gerechnet. Und gelbe Markierungen mit spurwechsel überfordert dss System. ","Hybrid wäre toll nutzbar bis 130 km/h elektrisch möglich ","1443.58","263.03","","","","","","","","","263.35","","","263.93","","","180.19","","","167.15","","","","305.93","","","","","",""
"95","2022-04-28 21:11:56","6","de","2124434580","2022-04-28 20:45:49","2022-04-28 21:11:56","","En","Mü","04","1","2","2022-04-28 00:00:00","45","45","252","","3","3","0","3","4","3","3","4","2","1","3","2","1","3","4","1","0","3","3","","5","1","2","7","7","7","7","4","5","4","4","4","7","7","3","3","4","6","7","6","4","2","3","","1","1","1","0","0","1","1","1","0","0","0","1","1","1","0","2","","0","0","4","3","2","0","5","1","","","","","","","","6","1","","Je länger man das System nutzt um so mehr erkennt man das es noch einige Schwachstellen hat bevor man es flächendeckend nutzen kann","","1565.22","229.93","","","","","","","","","391.09","","","547.63","","","181.74","","","104.01","","","","110.82","","","","","",""
"96","2022-05-02 13:58:53","6","de","499157822","2022-05-02 13:38:01","2022-05-02 13:58:53","","LE","MA","06","1","1","2022-05-02 00:00:00","65","65","45","","3","4","0","3","3","3","1","3","3","0","3","3","1","3","3","1","0","3","3","","6","6","5","5","6","6","6","6","3","5","6","5","4","4","6","6","6","2","3","3","5","5","3","","1","1","0","0","0","1","1","0","0","0","0","1","1","1","0","1","","0","1","3","5","4","1","5","4","","","","","","Brille wechseln (Sehbrille zu Sonnenbrille mit Sehstärke)","","5","1","","Ich habe durch die intuitive Bedienung schnell das System aktivieren können. Die klaren Symbole im Display haben mir ebenfalls ermöglicht, dass ich immer wusste, ab wann das System wieder aktiv ist (zB. nach Spurwechsel)","","1250.33","375.62","","","","","","","","","174.03","","","214.95","","","188.78","","","186.55","","","","110.4","","","","","",""
"97","2022-05-02 14:23:40","6","de","2090836116","2022-05-02 14:05:42","2022-05-02 14:23:40","","KE","BI","07","3","1","2022-05-02 00:00:00","75","70","5","","4","3","2","4","2","3","1","3","3","1","3","3","3","3","3","1","2","3","4","","7","5","6","5","6","6","7","7","4","5","5","7","7","4","7","7","7","1","2","2","6","7","5","","0","1","0","0","0","1","1","0","0","0","2","1","1","1","0","1","","3","3","5","4","4","0","4","3","","","","","","","","5","0","Ich wäre nicht so aufmerksam im Bezug auf mögliche Fehler des Systems gewesen. Ich hätte zudem möglicherweise mehrere verkehrsfremde Aktivitäten im Auto unternommen, Essen etc.","Zu Beginn des Fahrblocks 1 ist bei einer kurzen abrupten Beschleunigung die Motorkontrolleuchte mit entsprechender Warnmeldung aufgetaucht. Nach Abstellen des Fahrzeugs und dreimaligem Neustart und der Behebung des bei der Einführung in das Fahrzeug erklärte Problem mit Kabel 3 der Messinstrumente, konnte die Fahrt ohne Probleme wieder fortgesetzt werden.
Die Fahrt verlief auf der Autobahn ansonsten problemlos. Das System reagiert auch erstaunlich zuvorkommend und vorausschauend.
Lediglich auf der Überlandstrecke gegen Ende der heutigen Fahrt erkannte das System eine abknickende Vorfahrtstraße nicht weshalb entgegen dem System abrupt gegengelenkt werden musste.","","1076.97","307.29","","","","","","","","","120.8","","","123.83","","","95.72","","","70.82","","","","358.51","","","","","",""
"98","2022-05-02 20:16:47","6","de","381503225","2022-05-02 19:40:14","2022-05-02 20:16:47","","Se","Fr","12","2","1","2022-05-02 00:00:00","60","60","40","","3","3","4","3","3","3","1","2","2","1","3","1","2","2","3","1","3","1","2","","4","2","3","4","6","6","7","4","2","5","4","3","6","5","5","5","5","1","5","2","2","4","6","","1","1","2","0","0","1","1","0","0","0","0","2","1","1","0","1","","1","0","1","3","4","0","3","3","","","","","","","","5","1","","System hat eine nicht vorhande Geschwindigkeitsbegrenzung (90 kmh) erkannt. Vermutlich Aufkleber an vorausfahrendem LKW.
System erkennt Geschwindigkeitsbegrenzungen erst bei unmittelbarem vorbei fahren. In meinem Fall Reduzierung von 120 auf 80 kmh. Da ein Abbremsen erst bei passieren des Schildes erfolgt, ist die erlaubte Geschwindigkeit erst nach 100 - 200 Metern erreicht.
Abstandsregelung klappt gut - ich hatte die Einstellung auf 3.
Das automatische Wiederbeschleunigen erfolgt sehr sanft.","Ich bin eigentlich kein Fan von zu vielen Automatismen im Auto, da ich viel zu gerne fahre und mir nicht vorstellen kann, das komplette Fahren dem Fahrzeug zu überlassen. Allerdings finde ich das Ganze auch sehr interessant und freue mich an der Studie teilnehmen zu dürfen. Da man vermutlich in Zukunft nicht an noch mehr ""Helferlein"" vorbei kommt, möchte ich mich zumindest an deren Entwicklung beteiligen.","2193.72","226.25","","","","","","","","","229.29","","","317.21","","","231.08","","","180.12","","","","1009.77","","","","","",""
"99","2022-05-03 00:51:50","6","de","2141955168","2022-05-02 20:17:52","2022-05-03 00:51:50","","UN","MU","04","0","1","2022-05-02 00:00:00","45","45","60","","1","0","0","3","3","2","2","4","1","1","3","4","0","1","4","3","0","3","3","","7","1","4","2","7","5","7","7","2","4","5","1","7","7","7","7","7","4","1","7","5","5","3","","1","1","1","0","0","1","1","0","0","0","0","1","1","1","0","1","","3","1","5","5","5","1","5","5","","","","","Sich die Umgebung anschauem - aus dem Fenster gucken","","","2","1","","","","798.94","251.89","","","","","","","","","125.25","","","129.27","","","145.75","","","106.47","","","","40.31","","","","","",""
"100","2022-05-04 12:44:49","6","de","239255462","2022-05-04 12:28:14","2022-05-04 12:44:49","","LE","MA","06","1","2","2022-05-04 00:00:00","100","100","235","","3","4","1","3","3","3","1","2","3","1","3","3","1","3","3","1","1","3","3","","7","5","6","5","6","6","6","6","5","6","6","5","5","5","6","6","6","2","5","3","6","5","5","","1","1","0","0","0","1","1","0","0","0","0","1","1","1","0","1","","1","1","3","5","3","0","5","2","","","","","","","","2","1","","Bezüglich den Einstellungen zum Abstand bin ich mir weiterhin unsicher. Ich verstehe manchmal nicht, weshalb das System die Geschwindigkeit deutlich verringert obwohl das voraussfahrende Fahrzeug noch deutlich entfernt ist (zB. kurz vor einem Überholvorgang, mit dem System musste ich deutlich früher als ohne Assistenz den Überholvorgang einleiten um nicht vom System ausgebremst zu werden). Weiterhin ist es für das System schwierig, ein knappes Einscheren von vorausfahrenden Fahrzeugen zu erkennen. Hier muss der Fahrer eingreifen, da das System erst einsetzt, wenn das einscherende Fahrzeug mit dem Reifen deutlich auf der eigenen Fahrbahn ist - als Fahrer hätte ich deutlich früher gebremst/die Geschwindigkeit verringert, wenn ich einen Blinker sehe und das Fahrzeug dein Einschervorgang einleitet.","","993.88","113.62","","","","","","","","","73.24","","","123.44","","","178.67","","","146.62","","","","358.29","","","","","",""
"101","2022-05-04 17:37:01","6","de","549587925","2022-05-04 17:19:05","2022-05-04 17:37:01","","Se","Fr","12","2","2","2022-05-04 00:00:00","60","60","250","","3","3","3","3","4","2","1","3","1","2","2","1","3","2","3","1","3","1","1","","4","2","2","3","5","6","6","4","2","3","3","2","6","6","6","6","6","2","5","5","3","3","6","","1","1","1","0","0","1","1","0","0","0","0","1","1","1","0","1","","1","1","1","3","4","0","4","3","","","","","","","","6","1","","Ich persönlich habe den Eindruck, dass das System nicht 100 % zuverlässig funktioniert. Deshalb bin ich so sehr damit beschäftigt es zu ""überwachen"", dass ich mich nicht so aufmerksam wie normalerweise mit dem Verkehrsgeschehen befasse. Momentan ist die Nutzung für mich eher mit Gefahren verbunden als wenn ich das System nicht nutzen würde. Allerdings könnte ich mir vorstellen, dass sich dieses Gefühl mit längerer Nutzung bessern würde. Dazu müsste ich aber zuerst von der absolut zuverlässigen Arbeit des Systems überzeugt sein.","","1076.93","112.27","","","","","","","","","139.24","","","172.27","","","110.42","","","63.98","","","","478.75","","","","","",""
"102","2022-05-04 22:13:13","6","de","799808035","2022-05-04 22:03:33","2022-05-04 22:13:13","","UN","MU","04","0","2","2022-05-04 00:00:00","50","50","200","","3","3","0","4","2","3","1","4","1","1","4","2","0","1","4","1","0","0","2","","6","1","4","2","7","5","7","4","1","3","5","1","7","7","6","5","7","6","1","7","5","5","4","","1","1","1","0","0","1","1","1","0","0","0","1","1","1","0","1","","3","1","3","5","3","0","5","5","","","","","","","","0","1","","","","581.22","56.02","","","","","","","","","108.76","","","209.54","","","135.89","","","52.38","","","","18.63","","","","","",""
"103","2022-05-05 18:12:49","6","de","124012231","2022-05-05 18:02:33","2022-05-05 18:12:49","","KE","BI","07","3","2","2022-05-05 00:00:00","60","55","333","","4","3","2","4","2","3","2","4","3","1","3","4","3","3","3","1","1","4","4","","7","5","7","6","7","5","7","7","4","5","6","6","7","5","7","7","7","1","3","2","6","7","6","","0","1","2","0","0","1","1","0","0","0","0","1","1","1","0","1","","5","3","5","4","4","0","4","3","","","","","","","","3","0","Gelegentlich am Mobiltelefon Kurznachrichten verfasst.","","","616.63","108.43","","","","","","","","","147.45","","","149.83","","","105.42","","","62.68","","","","42.82","","","","","",""
"105","2022-05-07 23:51:57","6","de","448179337","2022-05-07 19:08:12","2022-05-07 23:51:57","","ÜM","AN","09","2","1","2022-05-07 00:00:00","75","75","1","","3","3","1","3","3","3","1","3","3","1","3","3","3","3","3","1","1","3","3","","7","4","7","7","7","7","7","7","7","7","7","7","7","7","7","7","4","1","3","1","7","7","6","","0","1","0","0","0","1","1","1","0","0","0","1","1","1","0","1","","3","3","4","3","1","0","3","2","","","","","","","","5","1","","","","17024.7","16639.1","","","","","","","","","91.55","","","110.74","","","103.2","","","56.04","","","","24.05","","","","","",""
"106","2022-05-08 13:45:18","6","de","1947032707","2022-05-08 13:28:49","2022-05-08 13:45:18","","ÜM","AN","09","2","2","2022-05-08 00:00:00","95","90","98","","3","4","1","3","4","3","1","3","3","1","4","3","3","3","1","1","1","3","3","","7","4","7","7","7","7","7","7","6","7","7","7","7","7","7","7","4","1","2","1","1","7","7","","0","1","0","0","0","1","1","1","0","0","0","1","0","1","0","1","","2","3","3","3","2","0","2","1","","","","","","","","6","1","","","","989.89","625.04","","","","","","","","","86.76","","","103.23","","","96.78","","","55.26","","","","22.82","","","","","",""
"107","2022-05-09 14:03:06","6","de","941709516","2022-05-09 13:46:23","2022-05-09 14:03:06","","TE","WI","03","1","1","2022-05-09 00:00:00","50","50","60","","3","4","1","5","3","2","3","4","3","2","1","4","1","1","4","1","1","1","3","","7","7","7","7","7","7","7","7","1","4","1","1","7","7","7","7","7","1","1","1","7","7","4","","0","1","1","0","0","1","1","0","0","0","2","1","1","1","0","2","","1","1","3","3","1","0","3","1","","","","","","","","6","1","","Grundsätzlich klappen Spurhalteassi und Abstandhalter ausgezeichnet. Der Tempomat hat vereinzelt unerwartete Dinge gemacht (Nichtbeachtung Tempolimit. Obwohl erkannt, Beschleunigung über die vor einer Tempolimitstrecke gewählte Ges chwindigkeit hinaus)","Sehr professionelle Einführung, Fragen könnten teilweise präziser formuliert sein","1002.67","105.65","","","","","","","","","189.06","","","216.02","","","116.16","","","128.16","","","","247.62","","","","","",""
"110","2022-05-09 22:54:11","6","de","1964390787","2022-05-09 22:21:20","2022-05-09 22:54:11","","MA","MÜ","08","3","1","2022-05-09 00:00:00","45","40","15","","3","0","0","2","3","3","3","2","2","4","1","3","2","0","3","2","1","1","3","","6","1","5","2","6","5","5","4","1","2","2","3","6","3","5","5","2","5","7","5","3","2","1","","1","1","1","0","0","1","1","0","0","0","0","1","1","1","0","1","","3","4","5","5","5","0","5","3","","","","","","","","6","1","","Die Überwachung des Innenraums und Aufzeichnung von Daten drängt einen eher dazu, regelkonform zu fahren. Nichtsdestotrotz, wäre meine erste Fahrt genauso wie hier auch, um das System kennenzulernen.","","1971.39","110.55","","","","","","","","","1286.24","","","286.61","","","127.82","","","62.65","","","","97.52","","","","","",""
"111","2022-05-10 11:16:37","6","de","302615395","2022-05-10 10:46:02","2022-05-10 11:16:37","","RA","HA","02","2","1","2022-05-10 00:00:00","60","10","1","","3","3","3","2","3","3","2","3","3","2","3","2","3","2","3","2","1","2","2","","6","6","6","5","5","5","4","5","4","4","4","3","4","3","6","5","5","2","4","4","5","6","4","","1","1","1","0","0","1","1","0","0","0","2","0","1","1","0","2","","0","1","2","0","2","0","1","1","","","","","","","","6","1","","tue mir im Moment noch schwer, die Aufgaben dem Auto/System zu überlassen, greife zu oft ein. Fahre seit  1968 Auto und bin an die Notwendigkeit meines gesamten Einsatzes beim Fahren gewöhnt. 
Werde versuchen, bei der nächsten Fahrt loszulassen","","1834.69","240.68","","","","","","","","","249.36","","","220.78","","","166.37","","","798.4","","","","159.1","","","","","",""
"112","","1","de","1314708798","2022-05-10 16:29:19","2022-05-10 16:35:52","","Ot","Al","09","0","1","2022-05-10 00:00:00","100","85","120","","2","4","","3","3","3","1","4","3","1","1","4","3","3","3","1","3","3","3","","","","","","","","","","","","","","","","","","","","","","","","","","","","","","","","","","","","","","","","","","","","","","","","","","","","","","","","","","","","","","","390.94","195.47","","","","","","","","","195.47","","","","","","","","","","","","","","","","","","",""
"114","2022-05-11 11:09:35","6","de","493229329","2022-05-11 10:46:43","2022-05-11 11:09:35","","RA","HA","02","2","2","2022-05-11 00:00:00","65","10","104","","3","3","3","3","4","2","1","3","2","3","3","1","3","2","3","2","3","2","2","","6","6","4","4","5","5","6","6","4","5","5","5","4","3","6","5","6","2","5","2","5","5","6","","1","1","1","0","0","1","1","2","0","0","2","1","1","1","0","1","","0","0","2","2","3","0","1","1","mit Medien beschäfigen","","","aus Wasserflasche trinken","","","","4","1","","PKW auf Mittelstreifen ist langsamer unterwegs als ich auf rechter Spur. Ich fahre an ihm vorüber. Ist das rechts überholen?
Beschleunigung durch System obwohl erkennbar ist, dass es gleich wieder abbremsen muß, weil langsameres Auto vor mir war, störte mich massiv
gelegentlich konnte ich trotz System den Abstand zum Vordermann schlecht abschätzen, habe dann gebremst, da er mir zu gering erschien.
bei ""schräger Fahrbahndecke "" hatte ich das Gefühl, System kann Spur nicht halten. ","Versuch fand ich sehr interessant, auch meine eigene Reaktion. Hätte allerdings Bedarf auf längere Eingewöhnungszeit es zu nutzen, da Mißtrauen vorhanden ist","1373.1","207.87","","","","","","","","","211.81","","","221.58","","","157.15","","","223.34","","","","351.35","","","","","",""
"115","2022-05-11 15:51:04","6","de","974825952","2022-05-11 15:38:57","2022-05-11 15:51:04","","OT","AL","09","0","2","2022-05-11 00:00:00","120","100","250","","3","3","3","3","3","4","1","1","3","1","3","3","3","3","3","1","3","3","3","","7","7","7","7","7","7","7","7","4","7","7","7","7","4","7","7","7","1","7","1","7","7","4","","1","1","1","1","0","1","1","0","0","0","2","1","1","1","0","2","","0","0","4","4","4","1","5","1","","","","","","","","6","1","","","","727.41","123.74","","","","","","","","","189.2","","","177.6","","","115.34","","","97.66","","","","23.87","","","","","",""
"116","2022-05-11 20:10:42","6","de","961909770","2022-05-11 19:56:03","2022-05-11 20:10:42","","TE","WI","03","1","2","2022-05-11 00:00:00","95","95","270","","3","4","1","2","3","3","0","2","3","1","4","1","3","3","4","0","1","1","3","","7","4","4","7","7","7","7","7","1","4","4","1","7","7","7","7","4","1","1","1","7","7","7","","0","1","1","0","0","1","1","0","0","0","0","1","1","1","0","1","","0","0","1","3","0","0","3","1","","","","","","","","6","1","","Abstandsregelung funktioniert sehr zuverlässig, Geschwindigkeitsbegrenzungen zB im Baustellenbereich werden oft nicht richtig erkannt (konkurrierende Tempolimits)","","879.2","130.15","","","","","","","","","160.96","","","228.25","","","150.31","","","81.7","","","","127.83","","","","","",""
"118","2022-05-13 08:44:51","6","de","1053205901","2022-05-13 08:28:52","2022-05-13 08:44:51","","MA","MÜ","08","3","2","2022-05-12 00:00:00","50","40","250","","3","1","0","3","4","3","3","3","3","4","3","2","0","3","4","2","0","1","3","","5","1","4","3","7","7","7","5","1","2","3","5","7","4","6","5","5","3","6","4","5","4","1","","1","1","1","0","0","1","1","0","0","0","1","1","1","1","0","1","","5","0","5","5","4","0","5","4","","","","","","","","6","1","","","","958.97","93.7","","","","","","","","","523.46","","","171.7","","","93.28","","","63.65","","","","13.18","","","","","",""
"121","2022-05-23 16:57:35","6","de","1295078389","2022-05-23 16:40:49","2022-05-23 16:57:34","","TE","TU","01","0","1","2022-05-23 00:00:00","65","60","5","","1","1","0","4","3","3","1","4","3","1","3","3","3","3","3","1","0","5","3","","6","5","6","6","7","7","7","6","3","4","5","6","7","7","6","6","5","2","4","3","6","6","6","","1","1","1","0","0","1","1","0","0","0","0","1","1","1","0","1","","1","1","3","3","1","0","2","2","","","","","","","","6","1","","","","1005.48","227.72","","","","","","","","","206.24","","","249.4","","","149.27","","","111.86","","","","60.99","","","","","",""
"122","2022-05-24 11:34:29","6","de","1773694020","2022-05-24 11:19:29","2022-05-24 11:34:29","","TE","TU","01","0","2","2022-05-24 00:00:00","60","50","5","","3","3","0","4","3","3","1","4","3","1","3","3","3","3","4","1","0","5","3","","6","5","6","6","7","7","7","6","4","4","5","6","7","6","6","6","6","2","4","2","6","6","5","","1","1","1","0","0","1","1","0","0","0","0","1","1","1","0","1","","1","1","2","2","1","0","3","2","","","","","","","","6","1","","System hat trotz regen recht gut funktioniert","","899.74","105.58","","","","","","","","","143.49","","","441.06","","","87.89","","","80.8","","","","40.92","","","","","",""
"123","2022-05-24 20:42:49","6","de","842452769","2022-05-24 20:33:45","2022-05-24 20:42:49","","NA","KA","04","3","1","2022-05-24 00:00:00","75","75","15","","3","4","1","5","3","3","1","5","3","1","4","3","3","3","4","1","1","5","3","","7","4","4","7","7","4","7","7","1","4","4","4","7","7","7","7","7","1","7","7","4","4","4","","1","1","1","0","0","1","1","0","0","0","0","1","1","1","0","1","","4","5","5","4","4","1","4","4","","","","","","","","4","1","","","","544.96","103.71","","","","","","","","","193.19","","","103.61","","","74.11","","","44.56","","","","25.78","","","","","",""
"124","2022-05-26 17:41:09","6","de","1026481522","2022-05-26 17:33:23","2022-05-26 17:41:09","","NA","KA","04","3","2","2022-06-02 00:00:00","50","50","210","","3","4","1","3","3","3","1","3","3","1","3","3","2","3","3","1","1","5","3","","5","4","4","5","6","5","5","5","2","4","4","4","7","7","6","6","7","3","5","4","5","4","5","","1","1","1","0","0","1","1","0","0","0","0","1","1","1","0","1","","4","4","4","3","3","1","5","4","","","","","","","","3","1","","Es gab uneindeutige Situation in der die Polizei am Auto vorbeigefahren und das vor mit fahrende Auto rausgewunken hat. Da ich nicht sicher war, wen sie meinen bin ich ebenfalls mit abgefahren. ","","466.6","96.92","","","","","","","","","71.52","","","108.05","","","70.52","","","33.99","","","","85.6","","","","","",""

